customer_mail_address,name,paypal_account,subscription_start,subscription_end,password,country_name
ac.orci@orcilobortisaugue.co.uk,"Maynard, Charlotte J.",scelerisque.lorem@necorci.org,2014-04-25 00:00:00 +0000,2018-01-01 00:00:00 +0000,2774,Trinidad and Tobago
accumsan.convallis.ante@enim.org,"Stuart, Mariko N.",posuere.cubilia@laoreet.net,2004-08-03 00:00:00 +0000,2018-01-01 00:00:00 +0000,4348,Chile
aliquet.vel@Nuncmauris.co.uk,"Kerr, Macaulay S.",nec@odiovelest.edu,2005-10-01 00:00:00 +0000,2018-01-01 00:00:00 +0000,3115,Poland
arcu@natoquepenatibus.org,"Hardy, Celeste P.",tincidunt.tempus@necleo.ca,2006-04-03 00:00:00 +0000,2018-01-01 00:00:00 +0000,3034,Mayotte
arcu@parturientmontes.net,"Randolph, Thaddeus E.",adipiscing.enim.mi@arcu.org,2014-03-26 00:00:00 +0000,2018-01-01 00:00:00 +0000,8995,Chile
auctor@elit.ca,"Hayden, Tallulah B.",velit.Aliquam@Suspendisse.ca,2009-11-02 00:00:00 +0000,2018-01-01 00:00:00 +0000,9431,"Virgin Islands, United States"
blandit.mattis@dapibus.org,"Cotton, Penelope E.",erat.eget.tincidunt@augue.ca,2006-03-14 00:00:00 +0000,2018-01-01 00:00:00 +0000,1885,Luxembourg
consectetuer.cursus@vestibulum.net,"Mejia, Julie G.",consectetuer.mauris@nibh.org,2011-01-02 00:00:00 +0000,2018-01-01 00:00:00 +0000,1486,Guatemala
Cras.vehicula@egetmassa.co.uk,"Ewing, Sarah P.",sociis.natoque.penatibus@dictumauguemalesuada.co.uk,2006-04-26 00:00:00 +0000,2018-01-01 00:00:00 +0000,2608,Guatemala
cubilia.Curae@Mauriseuturpis.com,"Peterson, Vivien U.",eu@Ut.edu,2016-04-07 00:00:00 +0000,2018-01-01 00:00:00 +0000,7269,Zimbabwe
Curabitur.massa@eratsemperrutrum.net,"Price, Lionel C.",cursus.Nunc.mauris@Crasegetnisi.com,2005-09-16 00:00:00 +0000,2018-01-01 00:00:00 +0000,5317,Chile
Curabitur.ut.odio@nisi.net,"Johnston, Mufutau E.",magna.Duis@pellentesqueegetdictum.com,2010-02-17 00:00:00 +0000,2018-01-01 00:00:00 +0000,5545,Lithuania
dapibus.quam.quis@fames.org,"Bailey, Cruz K.",sapien.gravida@lacusQuisqueimperdiet.org,2013-07-08 00:00:00 +0000,2018-01-01 00:00:00 +0000,3076,Tunisia
dictum.eu@nonlobortis.co.uk,"Caldwell, Cameron G.",nunc.risus@vulputate.org,2004-03-24 00:00:00 +0000,2018-01-01 00:00:00 +0000,9607,Poland
dictum.Phasellus@tellusimperdiet.ca,"Norris, Karina U.",Donec@ligulaDonecluctus.net,2015-01-04 00:00:00 +0000,2018-01-01 00:00:00 +0000,1231,Tanzania
dictum@eros.ca,"Pollard, Benedict V.",elit.elit@fames.ca,2006-10-01 00:00:00 +0000,2018-01-01 00:00:00 +0000,1223,Chile
dis.parturient.montes@sit.edu,"Matthews, Susan M.",at.sem@semeget.edu,2005-12-07 00:00:00 +0000,2018-01-01 00:00:00 +0000,9879,Martinique
dolor.dapibus@aliquetProin.org,"Byrd, Cody F.",arcu.Morbi@elit.net,2007-04-26 00:00:00 +0000,2018-01-01 00:00:00 +0000,4404,Chile
eget.varius@nunc.co.uk,"Durham, Dora M.",cursus.et@nibh.com,2008-05-28 00:00:00 +0000,2018-01-01 00:00:00 +0000,8255,Poland
elit@orcilacus.co.uk,"Terry, Sarah T.",tellus.Phasellus@Utnecurna.edu,2010-12-20 00:00:00 +0000,2018-01-01 00:00:00 +0000,1783,Chile
enim@lorem.ca,"Peters, Nina I.",Nulla.facilisi@aliquetmolestietellus.co.uk,2013-11-05 00:00:00 +0000,2018-01-01 00:00:00 +0000,7223,Turkey
est@arcuetpede.net,"Sherman, Sage W.",ipsum.dolor@Quisqueaclibero.edu,2012-02-04 00:00:00 +0000,2018-01-01 00:00:00 +0000,8710,Maldives
faucibus@ametorciUt.net,"Horne, Cynthia F.",vulputate@tristiquepharetra.com,2005-01-18 00:00:00 +0000,2018-01-01 00:00:00 +0000,2686,Guatemala
habitant.morbi.tristique@id.com,"Larsen, Jackson G.",Suspendisse@convallisligula.co.uk,2008-09-25 00:00:00 +0000,2018-01-01 00:00:00 +0000,1383,Chile
imperdiet@luctusetultrices.edu,"Compton, Alan C.",in.consectetuer.ipsum@diam.co.uk,2007-10-06 00:00:00 +0000,2018-01-01 00:00:00 +0000,9708,Poland
in@dignissim.net,"Klein, Raymond J.",nec@Curabitur.org,2009-12-26 00:00:00 +0000,2018-01-01 00:00:00 +0000,1267,Martinique
in@massa.org,"Graves, Aspen H.",vestibulum.Mauris.magna@consectetuer.net,2009-11-07 00:00:00 +0000,2018-01-01 00:00:00 +0000,2831,Guatemala
Integer@dui.co.uk,"Sheppard, April P.",pede.ultrices.a@arcuVestibulum.ca,2005-03-13 00:00:00 +0000,2018-01-01 00:00:00 +0000,2892,Poland
justo@vulputate.com,"Lester, Cara F.",eget.metus@eliterat.ca,2006-09-01 00:00:00 +0000,2018-01-01 00:00:00 +0000,2733,Guatemala
mattis.semper@In.net,"Aguilar, May L.",dolor.Fusce@tempor.com,2011-04-29 00:00:00 +0000,2018-01-01 00:00:00 +0000,7244,Western Sahara
Mauris.blandit.enim@ante.edu,"Michael, Veronica W.",ultrices.Vivamus.rhoncus@ultricessitamet.com,2005-11-24 00:00:00 +0000,2018-01-01 00:00:00 +0000,3405,Poland
mauris.Integer.sem@tincidunt.net,"Farley, Benjamin T.",mattis@Aliquamerat.ca,2006-11-16 00:00:00 +0000,2018-01-01 00:00:00 +0000,6984,The Netherlands
natoque.penatibus.et@vulputatedui.net,"Dotson, Clementine S.",nibh@convallisantelectus.net,2006-02-28 00:00:00 +0000,2018-01-01 00:00:00 +0000,9825,The Netherlands
nibh.enim@egestas.com,"Lambert, Gail N.",elementum.purus@sitametante.net,2011-07-11 00:00:00 +0000,2018-01-01 00:00:00 +0000,3156,New Zealand
nicky.romeijn@gmail.com,nicky romeijn,abc123,2017-05-26 00:00:00 +0000,2018-05-27 00:00:00 +0000,welkom123,The Netherlands
nisl.arcu@Cum.com,"Ball, Zephr J.",augue.ut.lacus@ultrices.net,2004-10-28 00:00:00 +0000,2018-01-01 00:00:00 +0000,5786,Chile
orci@quam.net,"Glass, Gary Z.",Proin.nisl.sem@orciconsectetuereuismod.com,2008-01-20 00:00:00 +0000,2018-01-01 00:00:00 +0000,7004,Malaysia
placerat.orci@aliquetProinvelit.org,"Benjamin, Alika U.",dolor@arcuCurabitur.co.uk,2004-12-23 00:00:00 +0000,2018-01-01 00:00:00 +0000,1697,The Netherlands
quam.elementum.at@facilisis.com,"Murphy, Charde O.",vulputate@magnaaneque.ca,2010-10-07 00:00:00 +0000,2018-01-01 00:00:00 +0000,5102,The Netherlands
Quisque@tinciduntorci.com,"Ball, Fay R.",neque@vitae.com,2011-09-05 00:00:00 +0000,2018-01-01 00:00:00 +0000,8208,The Netherlands
rhoncus.id@etrutrum.com,"Kirk, Cathleen V.",eleifend.nunc.risus@aliquetsem.net,2010-01-26 00:00:00 +0000,2018-01-01 00:00:00 +0000,5670,Guatemala
sagittis.felis.Donec@turpisegestasFusce.net,"Miles, Hayley W.",aptent@anteNuncmauris.edu,2008-11-19 00:00:00 +0000,2018-01-01 00:00:00 +0000,3330,The Netherlands
sapien.molestie@acnullaIn.net,"Booth, Hannah W.",ante@Curabitur.com,2010-03-29 00:00:00 +0000,2018-01-01 00:00:00 +0000,6258,Guatemala
scelerisque.neque.sed@cursuspurusNullam.co.uk,"Mckee, Kalia V.",nec.euismod@a.ca,2011-11-11 00:00:00 +0000,2018-01-01 00:00:00 +0000,9552,Guatemala
scelerisque@Fuscediam.ca,"Ortiz, Kevin N.",fringilla@actellus.co.uk,2012-06-13 00:00:00 +0000,2018-01-01 00:00:00 +0000,1999,Poland
Sed.nec@sapienimperdietornare.com,"Melendez, Ebony M.",Pellentesque@mifringillami.edu,2003-11-16 00:00:00 +0000,2018-01-01 00:00:00 +0000,3029,Poland
Sed.nulla.ante@nunc.org,"Downs, Aristotle H.",nisi@lacuspede.co.uk,2005-04-01 00:00:00 +0000,2018-01-01 00:00:00 +0000,3695,Niger
sem.eget.massa@Fuscedolor.com,"Harper, Wyatt Z.",elementum.sem.vitae@in.edu,2007-02-17 00:00:00 +0000,2018-01-01 00:00:00 +0000,7507,Chile
sollicitudin@a.org,"Delacruz, Jakeem R.",amet.faucibus@eratnonummyultricies.org,2011-09-27 00:00:00 +0000,2018-01-01 00:00:00 +0000,8959,Poland
tellus@felisorci.com,"Brock, Adena M.",mauris.sit.amet@lacus.org,2004-10-23 00:00:00 +0000,2018-01-01 00:00:00 +0000,2112,"Korea, North"
tristique@augueSedmolestie.com,"Riddle, Noel P.",vehicula@estarcuac.co.uk,2005-09-03 00:00:00 +0000,2018-01-01 00:00:00 +0000,8985,Åland Islands
